{"Hamming": [0.4530548154165918, 0.47127880812604767, 0.4546647930510656, 0.4485368984412416, 0.44462898225163133, 0.4476128062982669, 0.4593478674176096, 0.44433944526760055, 0.4444094836940254, 0.4370043524380388, 0.4605215372253652, 0.45191867872216235, 0.449432460741065, 0.43914952771417026, 0.44764390850432534, 0.45428554491065015, 0.44063056565792624, 0.44942076818239646, 0.4450764272404813, 0.44590057723823634], "RBF": [0.5136490745105963, 0.5046380872470666, 0.5061070818553939, 0.5074961578252215, 0.49909610675212523, 0.4963758914406729, 0.5204980492135117, 0.4903527621565194, 0.4942253375875539, 0.5100375939146312, 0.5107492030352011, 0.5099645738857459, 0.5121685627319804, 0.5184396327227011, 0.5040208370749522, 0.506540817319205, 0.5120128178505149, 0.5046525275570223, 0.5095144103770055, 0.5106146216849258], "Index": [0.4499362638626976, 0.46028590293679655, 0.41648531508171693, 0.4446179620150862, 0.4772683797668223, 0.43128201422563456, 0.46690853893528494, 0.43680335735452586, 0.47411583209859914, 0.44895277352168644, 0.4498219398703155, 0.4399989628700461, 0.455930570989733, 0.46232067122769993, 0.46133913939026583, 0.45209532405224795, 0.4499417009024784, 0.4641445057602221, 0.4271029768318966, 0.4465526420037865]}