{"Hamming": [0.3984387397766113, 0.39900598526000974, 0.39583349227905273, 0.397235107421875, 0.39831886291503904, 0.3963024616241455, 0.39842967987060546, 0.39646120071411134, 0.40119471549987795, 0.3966374397277832, 0.39676742553710936, 0.3949584007263184, 0.39800777435302737, 0.3966236114501953, 0.39601821899414064, 0.3936976432800293, 0.3966386318206787, 0.39641637802124025, 0.39620251655578614, 0.3964214324951172], "RBF": [0.43833255767822266, 0.43730454444885253, 0.4349819183349609, 0.4387667179107666, 0.4427060127258301, 0.43912487030029296, 0.43364782333374025, 0.43819661140441896, 0.4395926475524902, 0.4360822677612305, 0.4360792636871338, 0.43350791931152344, 0.4358684539794922, 0.43483433723449705, 0.44580678939819335, 0.4348884582519531, 0.4387425422668457, 0.4353771209716797, 0.43253579139709475, 0.4389458179473877], "Index": [0.4380019187927246, 0.43995938301086424, 0.43578710556030276, 0.44034337997436523, 0.43967747688293457, 0.43685002326965333, 0.43723034858703613, 0.4369955539703369, 0.43944292068481444, 0.43809194564819337, 0.43764615058898926, 0.43847179412841797, 0.43982553482055664, 0.4364058017730713, 0.43947677612304686, 0.4369325637817383, 0.4373873233795166, 0.43974013328552247, 0.43648433685302734, 0.4394418239593506]}