{"Hamming": [-0.16368521896063112, -0.16459236892999388, -0.1669911403282016, -0.16074393777286305, -0.16134172327378216, -0.16388567756204045, -0.16507204841164982, -0.16307456820618874, -0.16539397894167432, -0.1644911672554764, -0.1667187260646446, -0.16588801963656558, -0.16607292025696999, -0.1671764897365196, -0.16411957086301318, -0.16367003496955423, -0.16559451234106923, -0.16469192504882812, -0.16509261785768994, -0.16082195207184435], "RBF": [-0.17538362390854778, -0.17534959082509957, -0.17775225171855852, -0.17231114705403647, -0.17417346729951746, -0.17538998173732384, -0.17555962356866575, -0.17549679326076134, -0.17621223599303001, -0.17521061616785386, -0.17696492812212775, -0.17705109540153952, -0.17613070618872548, -0.1769389732211244, -0.17610662123736212, -0.17459480435240501, -0.1763002732220818, -0.17553299548579196, -0.17528406778971353, -0.17222288543102787], "Index": [-0.1764532351026348, -0.1779633316339231, -0.17956909478879443, -0.17406897451363357, -0.17389806111653647, -0.17727010390337775, -0.17678429098690257, -0.17764648736691943, -0.17784918990789675, -0.17749494664809284, -0.17875274957395068, -0.17947784124636182, -0.17833373125861673, -0.1799478717878753, -0.1783727010091146, -0.17589509253408395, -0.1782533982220818, -0.17808801987591913, -0.17715364343979778, -0.174559798895144]}